City,City Name
abhaneri,abhaneri
abhayapuri,abhayapuri
abiramam,abiramam
abohar,abohar
abu,abu
abu road,abu-road
achalpur,achalpur
achhnera,achhnera
adalaj,adalaj
adampur,adampur
addanki,addanki
adilabad,adilabad
adoni,adoni
adur,adur
aduturai,aduturai
afzalgarh,afzalgarh
afzalpur,afzalpur
agartala,agartala
ahiri,ahiri
ahmadabad,ahmadabad
ahmadnagar,ahmadnagar
ahmadpur,ahmadpur
ahraura,ahraura
ahwa,ahwa
airoli,airoli
aistala,aistala
aizawl,aizawl
ajaigarh,ajaigarh
ajjampur,ajjampur
ajmer,ajmer
ajnala,ajnala
ajra,ajra
akalgarh,akalgarh
akalkot,akalkot
akaltara,akaltara
akbarpur,akbarpur
akhnur,akhnur
akividu,akividu
akkarampalle,akkarampalle
aklera,aklera
akodia,akodia
akola,akola
akot,akot
alagapuram,alagapuram
alampur,alampur
aland,aland
alandi,alandi
alandur,alandur
alanganallur,alanganallur
alangayam,alangayam
alangudi,alangudi
alangulam,alangulam
alappakkam,alappakkam
alawalpur,alawalpur
aldona,aldona
alibag,alibag
aliganj,aliganj
aligarh,aligarh
alipur,alipur
allahabad,allahabad
bamhrauli,allahabad-bamhrauli
allahganj,allahganj
allapalli,allapalli
alleppey,alleppey
almora,almora
alnavar,alnavar
along,along
alot,alot
alur,alur
aluva,aluva
alwar,alwar
tirunagari,alwar-tirunagari
alwaye,alwaye
amalapuram,amalapuram
amalner,amalner
amanganj,amanganj
amanpur,amanpur
amarkantak,amarkantak
amarnath,amarnath
amarpatan,amarpatan
amarpur,amarpur
amarwara,amarwara
ambad,ambad
ambagarh,ambagarh-chauki
ambah,ambah
ambahta,ambahta
ambajogai,ambajogai
ambala,ambala
ambasa,ambasa
ambasamudram,ambasamudram
ambattur,ambattur
ambikapur,ambikapur
ambur,ambur
amet,amet
amethi,amethi
amguri,amguri
amla,amla
amlagora,amlagora
amli,amli
amloh,amloh
ammapettai,ammapettai
amod,amod
amravati,amravati
amreli,amreli
amritsar,amritsar
amroha,amroha
amroli,amroli
amta,amta
amtala,amtala
amudalavalasa,amudalavalasa
anaimalai,anaimalai
anakapalle,anakapalle
anand,anand
anandnagar,anandnagar
anandpur-sahib,anandpur-sahib
anantapur,anantapur
anantnag,anantnag
andippatti,andippatti
andiyur,andiyur
andol,andol
anekal,anekal
angamali,angamali
angul,angul
anjad,anjad
anjangaon,anjangaon
anjar,anjar
ankleshwar,ankleshwar
ankola,ankola
annamalainagar,annamalainagar
annavasal,annavasal
annigeri,annigeri
annur,annur
anshing,anshing
antri,antri
antu,antu
anupgarh,anupgarh
anuppur,anuppur
anupshahr,anupshahr
aonla,aonla
arakkonam,arakkonam
arambagh,arambagh
arambol,arambol
arang,arang
arangaon,arangaon
arantangi,arantangi
araria,araria
aravankadu,aravankadu
arcot,arcot
arimalam,arimalam
ariyalur,ariyalur
arkalgud,arkalgud
arki,arki
arnia,arnia
arsikere,arsikere
arukutti,arukutti
arumbavur,arumbavur
arumuganeri,arumuganeri
aruppukkottai,aruppukkottai
arvi,arvi
asandh,asandh
asansol,asansol
asarganj,asarganj
ashoknagar,ashoknagar
kalyangarh,ashoknagar-kalyangarh
ashta,ashta
ashti,ashti
asifabad,asifabad
asika,asika
asind,asind
atarra,atarra
ateli,ateli
athagarh,athagarh
athni,athni
atirampattinam,atirampattinam
atmakur,atmakur
atrauli,atrauli
atraulia,atraulia
attayyampatti,attayyampatti
attingal,attingal
attur,attur
aurad,aurad
auraiya,auraiya
aurangabad,aurangabad
chikalthan,aurangabad-chikalthan-aerodrome
auras,auras
auroville,auroville
ausa,ausa
avadi,avadi
avanashi,avanashi
avanigadda,avanigadda
avanoor,avanoor
awantipur,awantipur
ayakkudi,ayakkudi
ayodhya,ayodhya
ayyampettai,ayyampettai
azamgarh,azamgarh
babai,babai
baberu,baberu
babina,babina
babra,babra
babrala,babrala
babugarh,babugarh
bachhraon,bachhraon
bachhrawan,bachhrawan
barabil,bada-barabil
badagara,badagara
badami,badami
badarpur,badarpur
badarwas,badarwas
baddi,baddi
badhni kalan,badhni-kalan
badlapur,badlapur
badnawar,badnawar
baduria,baduria
badvel,badvel
bagaha,bagaha
bagalkot,bagalkot
bagar,bagar
bagasra,bagasra
bagepalli,bagepalli
bageshwar,bageshwar
bagh,bagh
bagha purana,bagha-purana
baghdogra,baghdogra
baghpat,baghpat
bagli,bagli
bagnan,bagnan
bagra,bagra
bagula,bagula
bah,bah
bahadurganj,bahadurganj
bahadurgarh,bahadurgarh
baharampur,baharampur
baheri,baheri
bahjoi,bahjoi
bahraich,bahraich
bahsuma,bahsuma
bahua,bahua
bahula,bahula
baidyabati,baidyabati
baihar,baihar
baikanthpur,baikanthpur
baikunthpur,baikunthpur
bail hongal,bail-hongal
baindur,baindur
bairagnia,bairagnia
baj-baj,baj-baj
bakani,bakani
bakewar,bakewar
bakhtiyarpur,bakhtiyarpur
bakloh,bakloh
bakreswar,bakreswar
bakswaho,bakswaho
balachor,balachor
balaghat,balaghat
balangir,balangir
balapur,balapur
balarampur,balarampur
balasore,balasore
baldeo,baldeo
baldeogarh,baldeogarh
bali chak,bali-chak
balimela,balimela
ballalpur,ballalpur
balod,balod
baloda,baloda
baloda bazar,baloda-bazar
balotra,balotra
balrampur,balrampur
balugaon,balugaon
balurghat,balurghat
bambolim,bambolim
bamboo flat,bamboo-flat
bamnia,bamnia
bamor kalan,bamor-kalan
bamora,bamora
banapur,banapur
banat,banat
banavar,banavar
banbasa,banbasa
banda,banda
bandikui,bandikui
bandipura,bandipura
bandora,bandora
bangalore-arp,bangalore-arp
banganapalle,banganapalle
bangaon,bangaon
bangarapet,bangarapet
bangarmau,bangarmau
banihal,banihal
banjar,banjar
banka,banka
banki,banki
bankra,bankra
bankura,bankura
banmankhi,banmankhi
bannur,bannur
banposh,banposh
bansbaria,bansbaria
bansdih,bansdih
bansgaon,bansgaon
bansi,bansi
banswada,banswada
banswara,banswara
bantva,bantva
bantval,bantval
banur,banur
bapatla,bapatla
bar bigha,bar-bigha
bara bazar,bara-bazar
baragaon,baragaon
barakpur,barakpur
baramati,baramati
baramula,baramula
baranagar,baranagar
barasat,barasat
barauli,barauli
baraut,baraut
barbil,barbil
barddhaman,barddhaman
bardoli,bardoli
bareilly,bareilly
barela,barela
bargarh,bargarh
barghat,barghat
bargi,bargi
barh,barh
barhi,barhi
barhiya,barhiya
bari-sadri,bari-sadri
bariarpur,bariarpur
barjala,barjala
barjora,barjora
barka kana,barka-kana
barkhera,barkhera
barki saria,barki-saria
barkot,barkot
barmer,barmer
barnala,barnala
barpali,barpali
barpathar,barpathar
barpeta,barpeta
barpeta road,barpeta-road
barsana,barsana
barsi,barsi
baruipur,baruipur
baruni,baruni
barwadih,barwadih
barwala,barwala
barwani,barwani
basar,basar
basavakalyan,basavakalyan
basavana bagevadi,basavana-bagevadi
basi,basi
basmat,basmat
basna,basna
basni,basni
basoda,basoda
basti,basti
basudebpur,basudebpur
basugaon,basugaon
baswa,baswa
batala,batala
batoti,batoti
bauda,bauda
bawal,bawal
bawali,bawali
bawana,bawana
bayana,bayana
bazpur,bazpur
beawar,beawar
bedi,bedi
begamganj,begamganj
begampur,begampur
begowal,begowal
begun,begun
begusarai,begusarai
behat,behat
behror,behror
bela,bela
belaguntha,belaguntha
beldanga,beldanga
belgaum,belgaum
belgaum sambra,belgaum-sambra
beliator,beliator
bellampalli,bellampalli
bellary,bellary
belluru,belluru
belonia,belonia
belsand,belsand
beltangadi,beltangadi
belthara,belthara
belur,belur
bemetara,bemetara
benares,benares
benaulim,benaulim
bengalore,bengalore
beniganj,beniganj
beohari,beohari
berasia,berasia
beri khas,beri-khas
beswan,beswan
betamcherla,betamcherla
betma,betma
bettiah,bettiah
betul,betul
betul bazar,betul-bazar
bewar,bewar
beypore,beypore
bhabhra,bhabhra
bhabua,bhabua
bhachau,bhachau
bhadarwah,bhadarwah
bhadasar,bhadasar
bhadaur,bhadaur
bhadohi,bhadohi
bhadra,bhadra
bhadrachalam,bhadrachalam
bhadrakh,bhadrakh
bhadravati,bhadravati
bhadreswar,bhadreswar
bhagalpur,bhagalpur
bhagwantnagar,bhagwantnagar
bhainsdehi,bhainsdehi
bhaisa,bhaisa
bhalki,bhalki
bhandara,bhandara
bhandardaha,bhandardaha
bhander,bhander
bhanjanagar,bhanjanagar
bhanpura,bhanpura
bhanpuri,bhanpuri
bhanvad,bhanvad
bharthana,bharthana
bharuch,bharuch
bharwari,bharwari
bhasawar,bhasawar
bhatapara,bhatapara
bhatgaon,bhatgaon
bhatinda,bhatinda
bhatkal,bhatkal
bhatpara,bhatpara
bhattiprolu,bhattiprolu
bhaunagar,bhaunagar
bhavani,bhavani
bhavnagar,bhavnagar
bhawaniganj,bhawaniganj
bhawanigarh,bhawanigarh
bhawanipatna,bhawanipatna
bhayavadar,bhayavadar
bhigvan,bhigvan
bhikangaon,bhikangaon
bhikhi,bhikhi
bhilai,bhilai
bhilwara,bhilwara
bhimtal,bhim-tal
bhimavaram,bhimavaram
bhimunipatnam,bhimunipatnam
bhind,bhind
bhindar,bhindar
bhinga,bhinga
bhinmal,bhinmal
bhitarwar,bhitarwar
bhiwadi,bhiwadi
bhiwandi,bhiwandi
bhiwani,bhiwani
bhogpur,bhogpur
bhojudih,bhojudih
bholath,bholath
bhongaon,bhongaon
bhongir,bhongir
bhopal,bhopal
bairagarh,bhopal-bairagarh
bhor,bhor
bhowali,bhowali
bhuban,bhuban
bhubaneshwar,bhubaneshwar
bhubaneswar,bhubaneswar
bhudgaon,bhudgaon
bhuj,bhuj
rudramata,bhuj-rudramata
bhum,bhum
bhusawal,bhusawal
bhuvanagiri,bhuvanagiri
biaora,biaora
bidar,bidar
bidhuna,bidhuna
bighapur,bighapur
bihar-sharif,bihar-sharif
bihariganj,bihariganj
bihpuriagaon,bihpuriagaon
bijapur,bijapur
bijawar,bijawar
bijbiara,bijbiara
bijni,bijni
bijnor,bijnor
bijroni,bijroni
bikaner,bikaner
bikapur,bikapur
bikramganj,bikramganj
bilara,bilara
bilari,bilari
bilariaganj,bilariaganj
bilasipara,bilasipara
bilaspur,bilaspur
chhattisgarh,bilaspur-chhattisgarh
bilgi,bilgi
bilgram,bilgram
bilhaur,bilhaur
bilkha,bilkha
biloli,biloli
bilsanda,bilsanda
bilsi,bilsi
bindki,bindki
binika,binika
birbhaddar,birbhaddar
birmitrapur,birmitrapur
birpara,birpara
birpur,birpur
birur,birur
bisalpur,bisalpur
bisauli,bisauli
bisenda-buzurg,bisenda-buzurg
bishnah,bishnah
bishnupur,bishnupur
biswan,biswan
bithur,bithur
bobbili,bobbili
bodhgaya,bodh-gaya
bodhan,bodhan
bodinayakkanur,bodinayakkanur
bodri,bodri
boisar,boisar
bokajan,bokajan
bokakhat,bokakhat
bokaro,bokaro
bolanikhodan,bolanikhodan
bolpur,bolpur
santacruz,bombay-santacruz
juhu,bombay-juhu
bomdila,bomdila
bongaigaon,bongaigaon
borivli,borivli
borkhera,borkhera
borsad,borsad
botad,botad
brahmapur,brahmapur
brajarajnagar,brajarajnagar
budaun,budaun
budhana,budhana
budhlada,budhlada
buguda,buguda
bulandshahr,bulandshahr
buldana,buldana
bundi,bundi
bundu,bundu
burhanpur,burhanpur
burhar,burhar
buriya,buriya
burla,burla
buxar,buxar
byadgi,byadgi
calangute,calangute
calcutta,calcutta
calicut,calicut
canacona,canacona
candolim,candolim
cannanore,cannanore
canning,canning
carnicobar,car-nicobar
carapur,carapur
cavelossim,cavelossim
chabua,chabua
chaibasa,chaibasa
chail,chail
chakan,chakan
chakapara,chakapara
chakia,chakia
chaklasi,chaklasi
chakradharpur,chakradharpur
chakrata,chakrata
chakulia,chakulia
chalala,chalala
chalisgaon,chalisgaon
challakere,challakere
challapalle,challapalle
chamba,chamba
champa,champa
champahati,champahati
champawat,champawat
champua,champua
chamrajnagar,chamrajnagar
chanasma,chanasma
chandannagar,chandannagar
chandauli,chandauli
chandausi,chandausi
chandbali,chandbali
chanderi,chanderi
chandia,chandia
chandigarh,chandigarh
chandil,chandil
chandla,chandla
chandpur,chandpur
chandrakona,chandrakona
chandrapur,chandrapur
chandur,chandur
chandur bazar,chandur-bazar
chandvad,chandvad
changanacheri,changanacheri
channagiri,channagiri
channapatna,channapatna
channarayapatna,channarayapatna
chapar,chapar
charkhari,charkhari
charkhi-dadri,charkhi-dadri
charthawal,charthawal
 , 
chatakonda,chatakonda
chatra,chatra
chatrapur,chatrapur
chatsu,chatsu
chaupal,chaupal
chavakkad,chavakkad
chechat,chechat
chelakara,chelakara
chemmumiahpet,chemmumiahpet
chengalpattu,chengalpattu
chengam,chengam
chengannur,chengannur
chennai,chennai
chennimalai,chennimalai
cherrapunji,cherrapunji
chetput,chetput
chettipalaiyam,chettipalaiyam
cheyur,cheyur
chhabra,chhabra
chhachhrauli,chhachhrauli
chhala,chhala
chhapar,chhapar
chhaprauli,chhaprauli
chharra,chharra
chhata,chhata
chhatapur,chhatapur
chhatarpur,chhatarpur
chhibramau,chhibramau
chhindwara,chhindwara
chhota-udepur,chhota-udepur
chhoti-sadri,chhoti-sadri
chhuikhadan,chhuikhadan
chhutmalpur,chhutmalpur
chicalim,chicalim
chichli,chichli
chicholi,chicholi
chidambaram,chidambaram
chik-ballapur,chik-ballapur
chikhli,chikhli
chikitigarh,chikitigarh
chikmagalur,chikmagalur
chiknayakanhalli,chiknayakanhalli
chikodi,chikodi
chilakalurupet,chilakalurupet
chillupar,chillupar
chinchani,chinchani
chinchinim,chinchinim
chincholi,chincholi
chinna salem,chinna-salem
chinnachowk,chinnachowk
chinnamanur,chinnamanur
chinnasekkadu,chinnasekkadu
chintamani,chintamani
chiplun,chiplun
chipurupalle,chipurupalle
chirala,chirala
chirawa,chirawa
chirgaon,chirgaon
chiria,chiria
chitapur,chitapur
chitradurga,chitradurga
chitrakonda,chitrakonda
chittaranjan,chittaranjan
chittaurgarh,chittaurgarh
chittur,chittur
chodavaram,chodavaram
cholapuram,cholapuram
chopan,chopan
chopda,chopda
chorhat,chorhat
chotila,chotila
chowari,chowari
chuarikhas,chuari-khas
chunar,chunar
churachandpur,churachandpur
churu,churu
clement town,clement-town
cochin,cochin
willingdon,cochin-willingdon
intl,cochin-intl
coimbatore,coimbatore
peelamedu,coimbatore-peelamedu
colgong,colgong
colonelganj,colonelganj
colovale,colovale
colva,colva
contai,contai
coondapoor,coondapoor
cortalim,cortalim
cuddalore,cuddalore
cuddapah,cuddapah
cumbum,cumbum
cuncolim,cuncolim
curchorem,curchorem
curti,curti
cuttack,cuttack
dabhoi,dabhoi
dabhol,dabhol
daboh,daboh
dabra,dabra
dabwali,dabwali
dadri,dadri
dagshai,dagshai
dahanu,dahanu
dahegam,dahegam
dahod,dahod
daitari,daitari
dakor,dakor
dalhousie,dalhousie
dalkola,dalkola
dalmau,dalmau
dalsingh sarai,dalsingh-sarai
daltenganj,daltenganj
dam-dam,dam-dam
daman,daman
damnagar,damnagar
damoh,damoh
danapur,danapur
dandeli,dandeli
dankaur,dankaur
darbhanga,darbhanga
dariba,dariba
darjiling,darjiling
darlawn,darlawn
darwha,darwha
daryapur,daryapur
dasna,dasna
dasnapur,dasnapur
dasua,dasua
dataganj,dataganj
datia,datia
dattapur,dattapur
daudnagar,daudnagar
daulatpur,daulatpur
daund,daund
daurala,daurala
dausa,dausa
davorlim,davorlim
dayalbagh,dayal-bagh
debipur,debipur
dehradun,dehra-dun
dehri,dehri
dehu,dehu
delhi,delhi
delvada,delvada
denkanikota,denkanikota
deoband,deoband
deogarh,deogarh
deolali,deolali
deoli,deoli
deoranian,deoranian
deori,deori
deorikhas,deori-khas
deoria,deoria
depalpur,depalpur
dera gopipur,dera-gopipur
dera nanak,dera-nanak
dergaon,dergaon
deshnoke,deshnoke
desur,desur
deulgaon raja,deulgaon-raja
devadanappatti,devadanappatti
devakottai,devakottai
devanhalli,devanhalli
devaprayag,devaprayag
devarkonda,devarkonda
devgadh,devgadh-bariya
devgarh,devgarh
devli,devli
dewa,dewa
dewas,dewas
dhamnod,dhamnod
dhampur,dhampur
dhamtari,dhamtari
dhana,dhana
dhanaula,dhanaula
dhanaura,dhanaura
dhanbad,dhanbad
dhandhuka,dhandhuka
dhanera,dhanera
dhanwar,dhanwar
dhar,dhar
dharampur,dharampur
dharampuri,dharampuri
dharangaon,dharangaon
dharapuram,dharapuram
dharchula,dharchula
dhari,dhari
dhariwal,dhariwal
dharmabad,dharmabad
dharmadam,dharmadam
dharmanagar,dharmanagar
dharmapuri,dharmapuri
dharmavaram,dharmavaram
dharmsala,dharmsala
dharuhera,dharuhera
dharur,dharur
dhaulpur,dhaulpur
dhaurahra,dhaurahra
dhekiajuli,dhekiajuli
dhemaji,dhemaji
dhenkanal,dhenkanal
dhilwan,dhilwan
dhing,dhing
dhola,dhola
dholka,dholka
dhone,dhone
dhoraji,dhoraji
dhrangadhra,dhrangadhra
dhrol,dhrol
dhuburi,dhuburi
dhulagari,dhulagari
dhule,dhule
dhulian,dhulian
dhupgari,dhupgari
dhuri,dhuri
dhuwaran,dhuwaran
dibrugarh,dibrugarh
mohanbari,dibrugarh-mohanbari
dicholi,dicholi
didwana,didwana
dig,dig
digapahandi,digapahandi
digboi,digboi
digha,digha
dighwara,dighwara
diglur,diglur
digras,digras
dimapur,dimapur
dinanagar,dinanagar
dindigul,dindigul
dindori,dindori
dinhata,dinhata
diphu,diphu
dirba,dirba
disa,disa
dispur,dispur
diu,diu
dodballapur,dod-ballapur
doda,doda
dogadda,dogadda
dohrighat,dohrighat
doiwala,doiwala
dombivli,dombivli
dondaicha,dondaicha
dongargaon,dongargaon
dongargarh,dongargarh
doraha,doraha
dornakal,dornakal
dostpur,dostpur
dubrajpur,dubrajpur
dudhani,dudhani
dudhi,dudhi
dugda,dugda
duliagaon,duliagaon
dum-duma,dum-duma
dumjor,dumjor
dumka,dumka
dumra,dumra
dumraon,dumraon
dundwaraganj,dundwaraganj
dungarpur,dungarpur
durg,durg
durgapur,durgapur
dusi,dusi
dwarahat,dwarahat
dwarka,dwarka
edakkulam,edakkulam
egra,egra
elamanchili,elamanchili
elayirampannai,elayirampannai
ellenabad,ellenabad
elumalai,elumalai
elur,elur
eluru,eluru
emmiganuru,emmiganuru
eral,eral
erandol,erandol
eraniel,eraniel
erattupetta,erattupetta
erode,erode
erraguntla,erraguntla
erumaippatti,erumaippatti
etawa,etawa
etawah,etawah
ettaiyapuram,ettaiyapuram
faizabad,faizabad
faizpur,faizpur
falakata,falakata
farakka,farakka
faridabad,faridabad
faridkot,faridkot
faridnagar,faridnagar
farrukhabad,farrukhabad
farrukhnagar,farrukhnagar
fatehabad,fatehabad
fatehganj west,fatehganj-west
fatehgarh,fatehgarh
fatehgarh churian,fatehgarh-churian
fatehpur,fatehpur
fatehpur chaurasi,fatehpur-chaurasi
fatehpursikri,fatehpur-sikri
fatwa,fatwa
fazilka,fazilka
ferokh,ferokh
firozabad,firozabad
firozpur,firozpur
firozpur jhirka,firozpur-jhirka
forbesganj,forbesganj
fort gloster,fort-gloster
gadag,gadag
gadarwara,gadarwara
gaddi annaram,gaddi-annaram
gadhada,gadhada
gadhinglaj,gadhinglaj
gadwal,gadwal
gagret,gagret
gajendragarh,gajendragarh
gajraula,gajraula
gajuwaka,gajuwaka
galiakot,galiakot
gandai,gandai
gandarbal,gandarbal
gandevi,gandevi
gandhinagar,gandhi-nagar
gangaikondan,gangaikondan
gangakher,gangakher
ganganagar,ganganagar
gangapur,gangapur
gangarampur,gangarampur
gangavalli,gangavalli
gangawati,gangawati
gangoh,gangoh
gangolli,gangolli
gangtok,gangtok
ganjmuradabad,ganj-muradabad
ganjam,ganjam
gannavaram,gannavaram
garautha,garautha
garhakota,garhakota
garhdiwala,garhdiwala
garhipukhta,garhi-pukhta
garhmuktesar,garhmuktesar
garhshankar,garhshankar
gariaband,gariaband
gariadhar,gariadhar
garui,garui
garwa,garwa
gauhati,gauhati
gaurela,gaurela
gauribidanur,gauribidanur
gauripur,gauripur
gautampura,gautampura
gawan,gawan
gevrai,gevrai
ghamarwin,ghamarwin
ghanaur,ghanaur
ghansor,ghansor
gharaunda,gharaunda
gharghoda,gharghoda
ghatal,ghatal
ghatampur,ghatampur
ghatanji,ghatanji
ghatkesar,ghatkesar
ghatsila,ghatsila
ghaziabad,ghaziabad
ghazipur,ghazipur
ghiror,ghiror
ghomanhasan,gho-manhasan
ghogha,ghogha
ghorawal,ghorawal
ghosi,ghosi
ghoti budrukh,ghoti-budrukh
ghugus,ghugus
gidam,gidam
giddalur,giddalur
giddarbaha,giddarbaha
gingee,gingee
giridih,giridih
dabolim,goa-dabolim-airport
velha,goa-velha
goalpara,goalpara
gobardanga,gobardanga
gobindapur,gobindapur
gobindpur,gobindpur
godda,godda
godhra,godhra
gogapur,gogapur
gohad,gohad
gohana,gohana
gohand,gohand
gohpur,gohpur
gokak,gokak
gokarna,gokarna
gokul,gokul
gola bazar,gola-bazar
gola gokarannath,gola-gokarannath
golaghat,golaghat
golakganj,golakganj
gomoh,gomoh
gonda,gonda
gondal,gondal
gondia,gondia
gopalganj,gopalganj
gopalpur,gopalpur
gopalur,gopalur
gopamau,gopamau
gopichettipalaiyam,gopichettipalaiyam
gopinathpur,gopinathpur
gorakhpur,gorakhpur
gorakhpur-haryana,gorakhpur-haryana
goregaon,goregaon
gorur,gorur
gosainganj,gosainganj
goshainganj,goshainganj
goshaingaon,goshaingaon
govardhan,govardhan
govindgarh,govindgarh
goyerkata,goyerkata
gubbi,gubbi
gudalur,gudalur
gudari,gudari
gudibanda,gudibanda
gudivada,gudivada
gudiyattam,gudiyattam
gudur,gudur
guduvancheri,guduvancheri
guhagar,guhagar
guirim,guirim
gulabpura,gulabpura
gulaothi,gulaothi
gulbarga,gulbarga
guledagudda,guledagudda
gumia,gumia
gumla,gumla
gummidipoondi,gummidipoondi
gummidipundi,gummidipundi
guna,guna
gundlupet,gundlupet
gunnaur,gunnaur
guntakal,guntakal
guntur,guntur
gunupur,gunupur
gurdaha,gurdaha
gurgaon,gurgaon
gurh,gurh
gurmatkal,gurmatkal
gursahaiganj,gursahaiganj
gursarai,gursarai
guruharsahai,guru-har-sahai
guruvayur,guruvayur
guskhara,guskhara
guwahati,guwahati
gwalior,gwalior
gyanpur,gyanpur
habra,habra
hadgaon,hadgaon
haflong,haflong
hailakandi,hailakandi
hajan,hajan
hajipur,hajipur
hajo,hajo
haldaur,haldaur
haldia,haldia
haldibari,haldibari
haldwani,haldwani
halisahar,halisahar
haliyal,haliyal
halol,halol
halvad,halvad
hamirpur,hamirpur
hampi,hampi
handia,handia
hangal,hangal
hansi,hansi
hansot,hansot
hanumangarh,hanumangarh
haora,haora
hapur,hapur
haraiya,haraiya
harda,harda
hardoi,hardoi
harduaganj,harduaganj
hariana,hariana
haridwar,haridwar
harihar,harihar
harij,harij
harindanga,harindanga
haringhata,haringhata
haripur,haripur
harnai,harnai
harpalpur,harpalpur
harpanahalli,harpanahalli
harrai,harrai
harsud,harsud
harur,harur
hasanpur,hasanpur
hasimara,hasimara
hassan,hassan
hastinapur,hastinapur
hata,hata
hathras,hathras
hatod,hatod
hatta,hatta
haveri,haveri
hazaribag,hazaribag
heggadadevankote,heggadadevankote
herbertpur,herbertpur
hesla,hesla
hilsa,hilsa
himatnagar,himatnagar
hindaun,hindaun
hindoria,hindoria
hindupur,hindupur
hinganghat,hinganghat
hingoli,hingoli
hinjilikatu,hinjilikatu
hirakud,hirakud
hiranagar,hiranagar
hirapur,hirapur
hirekerur,hirekerur
hiriyur,hiriyur
hisar,hisar
hissar,hissar
hisua,hisua
hodal,hodal
hojai,hojai
holalkere,holalkere
narsipur,hole-narsipur
homnabad,homnabad
honavar,honavar
honnali,honnali
hosakote,hosakote
hosanagara,hosanagara
hosangadi,hosangadi
hosdurga,hosdurga
hoshangabad,hoshangabad
hoshiarpur,hoshiarpur
hoskote,hoskote
hospet,hospet
hosur,hosur
howli,howli
hubli,hubli
hugli,hugli
hukeri,hukeri
hungund,hungund
hunsur,hunsur
husainabad,husainabad
huvinabadgalli,huvinabadgalli
ichalkaranji,ichalkaranji
ichchapuram,ichchapuram
ichhawar,ichhawar
idappadi,idappadi
idukki,idukki
igatpuri,igatpuri
iglas,iglas
ikauna,ikauna
iklehra,iklehra
ilampillai,ilampillai
ilkal,ilkal
iluppur,iluppur
imphal,imphal
imphal-tulihal,imphal-tulihal
indapur,indapur
indergarh,indergarh
indi,indi
indore,indore
indri,indri
ingraj-bazar,ingraj-bazar
irinjalakuda,irinjalakuda
irugur,irugur
isagarh,isagarh
islamnagar,islamnagar
islampur,islampur
itanagar,itanagar
itarsi,itarsi
itaunja,itaunja
itimadpur,itimadpur
jabalpur,jabalpur
jafarpur,jafarpur
jagadhri,jagadhri
jagalur,jagalur
jagannathpur,jagannathpur
jagatsinghapur,jagatsinghapur
jagdalpur,jagdalpur
jagdispur,jagdispur
jaggayyapeta,jaggayyapeta
jagnair,jagnair
jagraon,jagraon
jagtial,jagtial
jahanabad,jahanabad
jahangirabad,jahangirabad
jahangirpur,jahangirpur
jahazpur,jahazpur
jaigaon,jaigaon
jainpur,jainpur
jaipur,jaipur
sanganer,jaipur-sanganer
jais,jais
jaisalmer,jaisalmer
jaisinghnagar,jaisinghnagar
jaisingpur,jaisingpur
jaitaran,jaitaran
jaithari,jaithari
jaito,jaito
jajpur,jajpur
jakhal,jakhal
jalakandapuram,jalakandapuram
jalali,jalali
jalalpur,jalalpur
jalandhar,jalandhar
jalaun,jalaun
jalesar,jalesar
jaleshwar,jaleshwar
jalgaon,jalgaon
jalna,jalna
jalor,jalor
jalpaiguri,jalpaiguri
jamadoba,jamadoba
jamai,jamai
jambusar,jambusar
jamkhandi,jamkhandi
jammalamadugu,jammalamadugu
jammu,jammu
jamnagar,jamnagar
jamnagar-in-afb,jamnagar-in-afb
jamshedpur,jamshedpur
jamtara,jamtara
jamui,jamui
jamuria,jamuria
jandiala,jandiala
jandiala guru,jandiala-guru
jangaon,jangaon
jangipur,jangipur
jansath,jansath
jaora,jaora
jarwal,jarwal
jasdan,jasdan
jashpurnagar,jashpurnagar
jasidih,jasidih
jaspur,jaspur
jasrana,jasrana
jaswantnagar,jaswantnagar
jatani,jatani
jatara,jatara
jaunpur,jaunpur
jaurian,jaurian
jawad,jawad
nehruport,jawaharlal-nehru-port
jawalamukhi,jawala-mukhi
jawar,jawar
jawhar,jawhar
jayamkondacholapuram,jayamkondacholapuram
jaynagar,jaynagar
majilpur,jaynagar-majilpur
jaypur,jaypur
jejuri,jejuri
jetalsar,jetalsar
jetpur,jetpur
jevargi,jevargi
jewar,jewar
jha-jha,jha-jha
jhabua,jhabua
jhajjar,jhajjar
jhalawar,jhalawar
jhalida,jhalida
jhalrapatan,jhalrapatan
jhalu,jhalu
jhanjharpur,jhanjharpur
jhansi,jhansi
jhargram,jhargram
jharia,jharia
jharsuguda,jharsuguda
jhinjhak,jhinjhak
jhinjhana,jhinjhana
jhulasan,jhulasan
jhunjhunun,jhunjhunun
jhusi,jhusi
jind,jind
jintur,jintur
jiran,jiran
jobat,jobat
jobner,jobner
jodhpur,jodhpur
jodiya bandar,jodiya-bandar
jogbani,jogbani
jogighopa,jogighopa
jogindarnagar,jogindarnagar
jolarpettai,jolarpettai
jora,jora
jorethang,jorethang
jorhat,jorhat
joshimath,joshimath
jua,jua
jubbal,jubbal
jugsalai,jugsalai
julana shadipur,julana-shadipur
jumritilaiya,jumri-tilaiya
junagadh,junagadh
junagarh,junagarh
junnar,junnar
jutogh,jutogh
kabrai,kabrai
kachhwa,kachhwa
kadaiyanallur,kadaiyanallur
kadambur,kadambur
kadaura,kadaura
kadi,kadi
kadipur,kadipur
kadiri,kadiri
kadod,kadod
kadur,kadur
kagal,kagal
kaikalur,kaikalur
kailaras,kailaras
kailashahar,kailashahar
kaimganj,kaimganj
kaimori,kaimori
kaintaragarh,kaintaragarh
kairana,kairana
kaithal,kaithal
kakching,kakching
kakinada,kakinada
kakori,kakori
kakrala,kakrala
kaladhungi,kaladhungi
kalagarh,kalagarh
kalaikunda,kalaikunda
kalakkadu,kalakkadu
kalamb,kalamb
kalamnuri,kalamnuri
kalanaur,kalanaur
kalanwali,kalanwali
kalas,kalas
kalavad,kalavad
kalavai,kalavai
kalghatgi,kalghatgi
kalikapur,kalikapur
kalimpang,kalimpang
kalina-khas,kalina-khas
kalinagar,kalinagar
kaliyaganj,kaliyaganj
kalka,kalka
kallakkurichchi,kallakkurichchi
kallidaikurichchi,kallidaikurichchi
kallupatti,kallupatti
kalmeshwar,kalmeshwar
kalna,kalna
kalol,kalol
kalpetta,kalpetta
kalpi,kalpi
kalugumalai,kalugumalai
kalundri,kalundri
kalyan,kalyan
kalyandurg,kalyandurg
kalyani,kalyani
kamakhyanagar,kamakhyanagar
kamalapuram,kamalapuram
kamalganj,kamalganj
kamalpur,kamalpur
kaman,kaman
kamareddi,kamareddi
kamarhati,kamarhati
kambam,kambam
kampil,kampil
kampli,kampli
kamthi,kamthi
kamudi,kamudi
kanadukattan,kanadukattan
kanakapura,kanakapura
kanchipuram,kanchipuram
kanchrapara,kanchrapara
kandhla,kandhla
kandla,kandla
kandla aerodrome,kandla-aerodrome
kandra,kandra
kandri,kandri
kandukur,kandukur
kangayam,kangayam
kangra,kangra
kanigiri,kanigiri
kankauli,kankauli
kanke,kanke
kanker,kanker
kankipadu,kankipadu
kankon,kankon
kannad,kannad
kannangad,kannangad
kannauj,kannauj
kanniyakumari,kanniyakumari
kannod,kannod
kanodar,kanodar
kanor,kanor
kanpur,kanpur
kanpur chakeri,kanpur-chakeri
kant,kant
kantabanji,kantabanji
kanth,kanth
kantilo,kantilo
kanuru,kanuru
kapadvanj,kapadvanj
kapren,kapren
kaptanganj,kaptanganj
kapurthala,kapurthala
karaikal,karaikal
karaikkudi,karaikkudi
karamadai,karamadai
karambakkudi,karambakkudi
karamsad,karamsad
karanja,karanja
karari,karari
karauli,karauli
kareli,kareli
karera,karera
kargil,kargil
karhal,karhal
karimganj,karimganj
karimnagar,karimnagar
karimpur,karimpur
kariyapatti,kariyapatti
karjat,karjat
karkal,karkal
karmala,karmala
karnal,karnal
karrapur,karrapur
karsiyang,karsiyang
kartarpur,kartarpur
karumbakkam,karumbakkam
karur,karur
karwar,karwar
kasaragod,kasaragod
kasauli,kasauli
kasganj,kasganj
kashipur,kashipur
kasrawad,kasrawad
katangi,katangi
katghora,katghora
kathor,kathor
kathua,kathua
kati,kati
katihar,katihar
katol,katol
katoya,katoya
katpadi,katpadi
katpur,katpur
katra,katra
katras,katras
kattivakkam,kattivakkam
kattuputtur,kattuputtur
kavali,kavali
kavaratti,kavaratti
kaverippattanam,kaverippattanam
kawant,kawant
kawardha,kawardha
kayalpattinam,kayalpattinam
kayankulam,kayankulam
kayattar,kayattar
kekri,kekri
kelamangalam,kelamangalam
kemri,kemri
kenda,kenda
kendraparha,kendraparha
kenduadih,kenduadih
kerur,kerur
keshod,keshod
keshorai patan,keshorai-patan
kesinga,kesinga
khachrod,khachrod
khada,khada
khadki,khadki
khaga,khaga
khagaria,khagaria
khagaul,khagaul
khailar,khailar
khair,khair
khairabad,khairabad
khairagarh,khairagarh
khajuraho,khajuraho
khalilabad,khalilabad
khallikot,khallikot
khamanon,khamanon
khamaria,khamaria
khambhaliya,khambhaliya
khambhat,khambhat
khamgaon,khamgaon
khamharia,khamharia
khammam,khammam
khanapur,khanapur
khandela,khandela
khandwa,khandwa
khanna,khanna
khanpur,khanpur
khapa,khapa
kharagpur,kharagpur
kharakvasla,kharakvasla
kharar,kharar
khardah,khardah
kharela,kharela
khargapur,khargapur
khargon,khargon
khargupur,khargupur
kharhial,kharhial
kharkhauda,kharkhauda
kharod,kharod
kharsawan,kharsawan
kharsia,kharsia
kharupatia,kharupatia
khatauli,khatauli
khategaon,khategaon
khatima,khatima
khatra,khatra
khaur,khaur
khawhai,khawhai
khed,khed
khed-brahma,khed-brahma
kheda,kheda
khekra,khekra
khemkaran,khem-karan
kheralu,kheralu
kheri,kheri
kheri-sampla,kheri-sampla
khetia,khetia
khetri,khetri
khilchipur,khilchipur
khirkian,khirkian
khonsa,khonsa
khopoli,khopoli
khowai,khowai
khudaganj,khudaganj
khujner,khujner
khuldabad,khuldabad
khunti,khunti
khurai,khurai
khurda,khurda
khurja,khurja
khusropur,khusropur
khutar,khutar
kichha,kichha
kil-valur,kil-valur
kilakarai,kilakarai
kinwat,kinwat
kirakat,kirakat
kiranur,kiranur
kiraoli,kiraoli
kiratpur,kiratpur
kiri-buru,kiri-buru
kishanganj,kishanganj
kishangarh,kishangarh
kishanpur,kishanpur
kishni,kishni
kishtwar,kishtwar
kithor,kithor
kizhake chalakudi,kizhake-chalakudi
koath,koath
kochbihar,koch-bihar
kochinda,kochinda
kodaikanal,kodaikanal
kodala,kodala
kodar,kodar
kodarma,kodarma
kodigenahalli,kodigenahalli
kodinar,kodinar
kodlipet,kodlipet
kodoli,kodoli
kodumudi,kodumudi
kodungallur,kodungallur
koelwar,koelwar
kohima,kohima
kokrajhar,kokrajhar
kolachel,kolachel
kolar,kolar
kolaras,kolaras
kolhapur,kolhapur
kollegal,kollegal
kolosib,kolosib
kombai,kombai
konanur,konanur
konarka,konarka
konch,konch
kondagaon,kondagaon
kondalwadi,kondalwadi
kondapalle,kondapalle
konganapuram,konganapuram
konnagar,konnagar
konnur,konnur
kopaganj,kopaganj
kopargaon,kopargaon
koppa,koppa
koppal,koppal
koradachcheri,koradachcheri
koradih,koradih
korampallam,korampallam
koraput,koraput
koratagere,koratagere
koratla,koratla
korba,korba
koregaon,koregaon
korwai,korwai
kosamba,kosamba
kosi,kosi
kosigi,kosigi
kotisakhan,kot-isa-khan
kotkhai,kot-khai
kotputli,kot-putli
kota,kota
kota aerodrome,kota-aerodrome
kotagiri,kotagiri
kotamangalam,kotamangalam
kotaparh,kotaparh
kotar,kotar
kotdwara,kotdwara
kothapet,kothapet
kothi,kothi
kotkapura,kotkapura
kotma,kotma
kotra,kotra
kottagudem,kottagudem
kottaiyur,kottaiyur
kottapalli,kottapalli
kottayam,kottayam
kotturu,kotturu
kotwa,kotwa
kovalam,kovalam
kovilpatti,kovilpatti
kovur,kovur
kovvur,kovvur
krishnagiri,krishnagiri
krishnanagar,krishnanagar
krishnapur,krishnapur
krishnarajpet,krishnarajpet
kuchaiburi,kuchaiburi
kuchaman,kuchaman
kuchera,kuchera
kud,kud
kudachi,kudachi
kudal,kudal
kudligi,kudligi
kuju,kuju
kukatpalli,kukatpalli
kukshi,kukshi
kulattur,kulattur
kulgam,kulgam
kulittalai,kulittalai
kulpahar,kulpahar
kulti,kulti
kulu,kulu
kumaralingam,kumaralingam
kumbakonam,kumbakonam
kumbhraj,kumbhraj
kumhari,kumhari
kumher,kumher
kumsi,kumsi
kumta,kumta
kundarkhi,kundarkhi
kundgol,kundgol
kundla,kundla
kunigal,kunigal
kunnamangalam,kunnamangalam
kunnamkulam,kunnamkulam
kunnattur,kunnattur
kuppam,kuppam
kupwara,kupwara
kurandvad,kurandvad
kurara,kurara
kurduvadi,kurduvadi
kurgunta,kurgunta
kurinjippadi,kurinjippadi
kurud,kurud
kushalgarh,kushalgarh
kushalnagar,kushalnagar
kushtagi,kushtagi
kutiyana,kutiyana
kuttalam,kuttalam
kuttanallur,kuttanallur
kuzhittura,kuzhittura
kyathampalle,kyathampalle
kyelang,kyelang
lachhmangarh sikar,lachhmangarh-sikar
ladnun,ladnun
ladwa,ladwa
lahar,lahar
laharpur,laharpur
lakheri,lakheri
lakhimpur,lakhimpur
lakhipur,lakhipur
lakhna,lakhna
lakhnadon,lakhnadon
lakhtar,lakhtar
lakhyabad,lakhyabad
laksar,laksar
lakshettipet,lakshettipet
lakshmeshwar,lakshmeshwar
lalbahadur nagar,lal-bahadur-nagar
lalganj,lalganj
lalgola,lalgola
lalgudi,lalgudi
lalitpur,lalitpur
lalpur,lalpur
lalsot,lalsot
lanja,lanja
lansdowne,lansdowne
lar,lar
lasalgaon,lasalgaon
latehar,latehar
lathi,lathi
latur,latur
laungowal,laungowal
lawarkhas,lawar-khas
leh,leh
leteri,leteri
limbdi,limbdi
lingsugur,lingsugur
lodhikheda,lodhikheda
lohaghat,lohaghat
lohardaga,lohardaga
loharu,loharu
lohogaon,lohogaon
lonar,lonar
lonavale,lonavale
londa,londa
loni,loni
lormi,lormi
losal,losal
luckeesarai,luckeesarai
lucknow,lucknow
amausi,lucknow-amausi
ludhiana,ludhiana
lumding railway colony,lumding-railway-colony
lunavada,lunavada
lunglei,lunglei
machalpur,machalpur
macherla,macherla
machhiwara,machhiwara
machhlishahr,machhlishahr
machilipatnam,machilipatnam
madambakkam,madambakkam
madanapalle,madanapalle
madanpur,madanpur
maddur,maddur
madgaon,madgaon
madhipura,madhipura
madhoganj,madhoganj
madhogarh,madhogarh
madhubani,madhubani
madhugiri,madhugiri
madhupur,madhupur
madhyamgram,madhyamgram
madikeri,madikeri
madipakkam,madipakkam
minambakkam,madras-minambakkam
madugula,madugula
madukkarai,madukkarai
madukkur,madukkur
madurai,madurai
madurantakam,madurantakam
magadi,magadi
magam,magam
maghar,maghar
mahabaleshwar,mahabaleshwar
mahaban,mahaban
mahad,mahad
mahalingpur,mahalingpur
maham,maham
maharajganj,maharajganj
mahasamund,mahasamund
mahbubabad,mahbubabad
mahbubnagar,mahbubnagar
mahe,mahe
mahemdavad,mahemdavad
mahendragarh,mahendragarh
maheshwar,maheshwar
mahgawan,mahgawan
mahiari,mahiari
mahishadal,mahishadal
mahmudabad,mahmudabad
mahoba,mahoba
maholi,maholi
mahroni,mahroni
mahudha,mahudha
mahur,mahur
mahwah,mahwah
maibong,maibong
maihar,maihar
mailani,mailani
mainaguri,mainaguri
maindargi,maindargi
mainpuri,mainpuri
mairang,mairang
mairwa,mairwa
majholi,majholi
majitha,majitha
makhjan,makhjan
makhu,makhu
makrana,makrana
maksi,maksi
makum,makum
malappuram,malappuram
malaut,malaut
malavalli,malavalli
malegaon,malegaon
maler kotla,maler-kotla
malhargarh,malhargarh
malihabad,malihabad
malkajgiri,malkajgiri
malkangiri,malkangiri
malkapur,malkapur
malkera,malkera
mallapuram,mallapuram
mallasamudram,mallasamudram
mallur,mallur
malpe,malpe
malpur,malpur
malpura,malpura
malur,malur
malvan,malvan
mamallapuram,mamallapuram
mamit,mamit
manali,manali
manalurpettai,manalurpettai
manamadurai,manamadurai
manappakkam,manappakkam
manapparai,manapparai
manasa,manasa
manavadar,manavadar
manavalakurichi,manavalakurichi
manawar,manawar
manchar,manchar
mancheral,mancheral
mandal,mandal
mandalgarh,mandalgarh
mandamarri,mandamarri
mandapam,mandapam
mandapeta,mandapeta
mandasa,mandasa
mandawar,mandawar
mandi,mandi
mandideep,mandideep
mandla,mandla
mandleshwar,mandleshwar
mandsaur,mandsaur
mandvi,mandvi
mandya,mandya
maner,maner
mangalagiri,mangalagiri
mangalam,mangalam
mangaldai,mangaldai
mangalore,mangalore
mangalore-bajpe,mangalore-bajpe
mangan,mangan
mangawan,mangawan
manglaur,manglaur
mangrol,mangrol
mangrul-pir,mangrul-pir
maniar,maniar
manihari,manihari
manikpur,manikpur
manjeri,manjeri
manjeshwara,manjeshwara
manjhanpur,manjhanpur
manjlegaon,manjlegaon
mankachar,mankachar
mankapur,mankapur
manmad,manmad
mannarakkat,mannarakkat
mannargudi,mannargudi
manohar-thana,manohar-thana
manoharpur,manoharpur
manor,manor
manpur,manpur
mansa,mansa
mansar,mansar
manthani,manthani
manuguru,manuguru
manvi,manvi
manwat,manwat
mapuca,mapuca
marahra,marahra
marakkanam,marakkanam
marandahalli,marandahalli
margherita,margherita
marhaura,marhaura
mariahu,mariahu
mariani,mariani
marigaon,marigaon
markapur,markapur
marmagao,marmagao
masaurhi-buzurg,masaurhi-buzurg
masila,masila
masinigudi,masinigudi
matabhanga,matabhanga
mataundh,mataundh
matheran,matheran
mathura,mathura
mattanur,mattanur
mattur,mattur
mau,mau
mauaimma,mau-aimma
maudaha,maudaha
mauganj,mauganj
maur,maur
maurawan,maurawan
mavelikara,mavelikara
mavur,mavur
mawana,mawana
mayakonda,mayakonda
mayang imphal,mayang-imphal
mayuram,mayuram
medak,medak
medinipur,medinipur
meerut,meerut
meghraj,meghraj
mehekar,mehekar
mehnagar,mehnagar
mehndawal,mehndawal
melukote,melukote
melur,melur
memari,memari
mendarda,mendarda
merta,merta
mettuppalaiyam,mettuppalaiyam
mettur,mettur
mhasla,mhasla
mhasvad,mhasvad
mihona,mihona
milak,milak
minjur,minjur
miranpur,miranpur
miranpur katra,miranpur-katra
mirganj,mirganj
mirialguda,mirialguda
mirik,mirik
misrikh,misrikh
modasa,modasa
moga,moga
mohali,mohali
mohan,mohan
mohanpur,mohanpur
mohanur,mohanur
mohgaon,mohgaon
mohiuddinnagar,mohiuddinnagar
mohpa,mohpa
moirang,moirang
mokama,mokama
mokokchung,mokokchung
mon,mon
monoharpur,monoharpur
moradabad,moradabad
moram,moram
moranha,moranha
morar,morar
morbi,morbi
morena,morena
morinda,morinda
morjim,morjim
morsi,morsi
morwa,morwa
moth,moth
motihari,motihari
mowar,mowar
mubarakpur,mubarakpur
mudbidri,mudbidri
muddebihal,muddebihal
mudgal,mudgal
mudhol,mudhol
mudigere,mudigere
mudkhed,mudkhed
mudukulattur,mudukulattur
mughalsarai,mughal-sarai
mugma,mugma
muhammadabad,muhammadabad
mukerian,mukerian
mukher,mukher
muktsar,muktsar
mul,mul
mulanur,mulanur
mulappilangad,mulappilangad
mulbagal,mulbagal
mulgund,mulgund
mulki,mulki
multai,multai
mumbai,mumbai
mundargi,mundargi
mundgod,mundgod
mundi,mundi
mundra,mundra
mundwa,mundwa
mungaoli,mungaoli
mungeli,mungeli
munger,munger
munirabad,munirabad
munnar,munnar
muradnagar,muradnagar
muragacha,muragacha
murbad,murbad
murgud,murgud
muri,muri
murliganj,murliganj
mursan,mursan
murshidabad,murshidabad
murtajapur,murtajapur
murud,murud
murudeshwara,murudeshwara
murwara,murwara
musafirkhana,musafirkhana
mushabani,mushabani
musiri,musiri
mussoorie,mussoorie
mustafabad,mustafabad
muttupet,muttupet
muvattupula,muvattupula
muvattupuzha,muvattupuzha
muzaffarnagar,muzaffarnagar
muzaffarpur,muzaffarpur
mysore,mysore
nabagram,nabagram
nabha,nabha
nadapuram,nadapuram
nadaun,nadaun
nadbai,nadbai
nadiad,nadiad
nadigaon,nadigaon
naduvattam,naduvattam
nagamangala,nagamangala
nagappattinam,nagappattinam
nagar,nagar
karnul,nagar-karnul
nagari,nagari
nagaur,nagaur
nagda,nagda
nagercoil,nagercoil
nagina,nagina
nagireddipalli,nagireddipalli
nagod,nagod
nagothana,nagothana
nagpur,nagpur
sonegaon,nagpur-sonegaon
nagram,nagram
nagrota,nagrota
nahan,nahan
naharlagun,naharlagun
nahorkatiya,nahorkatiya
naigarhi,naigarhi
naihati,naihati
naini-tal,naini-tal
nainpur,nainpur
nainwa,nainwa
najibabad,najibabad
nakodar,nakodar
naksalbari,naksalbari
nakur,nakur
nalagarh,nalagarh
naldurg,naldurg
nalgonda,nalgonda
nalhati,nalhati
naliya,naliya
namagiripettai,namagiripettai
namakkal,namakkal
nambiyur,nambiyur
nambutalai,nambutalai
namchi,namchi
namli,namli
namrup,namrup
nanauta,nanauta
nandambakkam,nandambakkam
nandgaon,nandgaon
nandigama,nandigama
nandikotkur,nandikotkur
nandura,nandura
nandurbar,nandurbar
nandyal,nandyal
nangal,nangal
nangavalli,nangavalli
nangi,nangi
nangilickondan,nangilickondan
nangloijat,nangloi-jat
nanguneri,nanguneri
nanjangud,nanjangud
nannilam,nannilam
nanpara,nanpara
napasar,napasar
naraina,naraina
naraini,naraini
narasannapeta,narasannapeta
narasapur,narasapur
narasaraopet,narasaraopet
narasimharajapura,narasimharajapura
narasingapuram,narasingapuram
narauli,narauli
naraura,naraura
naravarikuppam,naravarikuppam
narayanavanam,narayanavanam
narayangarh,narayangarh
narayanpet,narayanpet
naregal,naregal
narendranagar,narendranagar
nargund,nargund
narnaul,narnaul
narnaund,narnaund
naroda,naroda
narsimhapur,narsimhapur
narsinghgarh,narsinghgarh
narsingi,narsingi
narsipatnam,narsipatnam
narwana,narwana
narwar,narwar
nasik,nasik
nasirabad,nasirabad
naspur,naspur
nasriganj,nasriganj
nasrullahganj,nasrullahganj
nathdwara,nathdwara
nattam,nattam
nattarasankottai,nattarasankottai
naugachhia,naugachhia
nautanwa,nautanwa
navadwip,navadwip
navalgund,navalgund
navelim,navelim
nawa,nawa
nawada,nawada
nawai,nawai
nawalgarh,nawalgarh
nawanshahr,nawanshahr
nawashahr,nawashahr
nayabazar,naya-bazar
nayagarh,nayagarh
nayudupeta,nayudupeta
nazira,nazira
nedumangad,nedumangad
nelamangala,nelamangala
nellikkuppam,nellikkuppam
nellore,nellore
nepanagar,nepa-nagar
neral,neral
netarhat,netarhat
newdelhi,new-delhi
newdelhi palam,new-delhi-palam
newdelhi safdarjung,new-delhi-safdarjung
neyyattinkara,neyyattinkara
nichlaul,nichlaul
nidadavole,nidadavole
nidamangalam,nidamangalam
nihtaur,nihtaur
nilakkottai,nilakkottai
nilanga,nilanga
nileshwar,nileshwar
nilgiri,nilgiri
nilokheri,nilokheri
nimkathana,nim-ka-thana
nimaj,nimaj
nimaparha,nimaparha
nimbahera,nimbahera
nipani,nipani
nirmal,nirmal
nirmali,nirmali
nirsa,nirsa
niwari,niwari
nizamabad,nizamabad
noamundi,noamundi
nohar,nohar
noida,noida
nokha,nokha
nongpoh,nongpoh
nongstoin,nongstoin
north-guwahati,north-guwahati
north-lakhimpur,north-lakhimpur
north-vanlaiphai,north-vanlaiphai
nuh,nuh
numaligarh,numaligarh
nurmahal,nurmahal
nurpur,nurpur
nurpur-kalan,nurpur-kalan
nuzvid,nuzvid
nyamati,nyamati
odlabari,odlabari
odugattur,odugattur
ojhar,ojhar
okha,okha
olpad,olpad
omalur,omalur
ongole,ongole
orai,orai
orchha,orchha
osmanabad,osmanabad
ottappalam,ottappalam
pachmarhi,pachmarhi
pachora,pachora
pachperwa,pachperwa
padampur,padampur
paddhari,paddhari
padmanabhapuram,padmanabhapuram
padra,padra
padrauna,padrauna
pahalgam,pahalgam
pahasu,pahasu
paithan,paithan
pakala,pakala
pakaur,pakaur
palackattumala,palackattumala
palakkodu,palakkodu
palakollu,palakollu
palamedu,palamedu
palampur,palampur
palanpur,palanpur
palasa,palasa
palasbari,palasbari
palghar,palghar
palghat,palghat
pali,pali
paliakalan,palia-kalan
palitana,palitana
paliyad,paliyad
palkonda,palkonda
palladam,palladam
pallappatti,pallappatti
pallattur,pallattur
pallavaram,pallavaram
palle,palle
pallikondai,pallikondai
pallipattu,pallipattu
pallippatti,pallippatti
palmaner,palmaner
palni,palni
paloncha,paloncha
palwal,palwal
palwancha,palwancha
panagar,panagar
panaji,panaji
panara,panara
panchgani,panchgani
panchla,panchla
pandaria,pandaria
pandavapura,pandavapura
pandhana,pandhana
pandharpur,pandharpur
pandhurna,pandhurna
pandoh,pandoh
pandua,pandua
panhala,panhala
panihati,panihati
panipat,panipat
panna,panna
panruti,panruti
pansemal,pansemal
panvel,panvel
paontasahib,paonta-sahib
papanasam,papanasam
papireddippatti,papireddippatti
papparappatti,papparappatti
pappinisseri,pappinisseri
paradip-garh,paradip-garh
paramagudi,paramagudi
parasia,parasia
paravur,paravur
parbhani,parbhani
pardi,pardi
parichha,parichha
parichhatgarh,parichhatgarh
parlakimidi,parlakimidi
parli-vaijnath,parli-vaijnath
parnera,parnera
parol,parol
parola,parola
parshadepur,parshadepur
partapur,partapur
partur,partur
parvatipuram,parvatipuram
parvatsar,parvatsar
parwanoo,parwanoo
pasan,pasan
pasighat,pasighat
patamda,patamda
patamundai,patamundai
patancheru,patancheru
pataudi,pataudi
pathalgaon,pathalgaon
pathanamthitta,pathanamthitta
pathankot,pathankot
pathardi,pathardi
pathardih,pathardih
patharia,patharia
pathri,pathri
patiala,patiala
patiali,patiali
patnagarh,patnagarh
patrasaer,patrasaer
pattan,pattan
patti,patti
pattukkottai,pattukkottai
patuli,patuli
patur,patur
pauni,pauni
pauri,pauri
pavagada,pavagada
pavuluru,pavuluru
pawai,pawai
pawayan,pawayan
payyannur,payyannur
pedana,pedana
peddanakkalapalem,pedda-nakkalapalem
peddapalli,peddapalli
peddapuram,peddapuram
pehowa,pehowa
pendra,pendra
pennadam,pennadam
pennagaram,pennagaram
pennattur,pennattur
penugonda,penugonda
penukonda,penukonda
peraiyur,peraiyur
perambalur,perambalur
peranamallur,peranamallur
peranampattu,peranampattu
peravurani,peravurani
periyakulam,periyakulam
periyanayakkanpalaiyam,periyanayakkanpalaiyam
periyanegamam,periyanegamam
periyapatti,periyapatti
pernem,pernem
perumbavoor,perumbavoor
perumpavur,perumpavur
perundurai,perundurai
perungudi,perungudi
perur,perur
petlad,petlad
petlawad,petlawad
phagwara,phagwara
phalauda,phalauda
phalodi,phalodi
phaltan,phaltan
phaphund,phaphund
phariha,phariha
phek,phek
phillaur,phillaur
phirangipuram,phirangipuram
phulabani,phulabani
phulera,phulera
phulpur,phulpur
pihani,pihani
pilani,pilani
pilibangan,pilibangan
pilibhit,pilibhit
pilkhua,pilkhua
pimpri,pimpri
pinahat,pinahat
pindwara,pindwara
pinjaur,pinjaur
pipalkoti,pipalkoti
pipar,pipar
pipili,pipili
piploda,piploda
pipraich,pipraich
pipri,pipri
piravam,piravam
pirawa,pirawa
piriyapatna,piriyapatna
piro,piro
pitampura,pitampura
pithampur,pithampur
pithapuram,pithapuram
pithora,pithora
pithoragarh,pithoragarh
pokaran,pokaran
polasara,polasara
pollachi,pollachi
polur,polur
ponda,ponda
pondicherry,pondicherry
ponnamaravati,ponnamaravati
ponnampet,ponnampet
ponnani,ponnani
ponneri,ponneri
ponnur,ponnur
ponnuru,ponnuru
poonamallee,poonamallee
porbandar,porbandar
porsa,porsa
portblair,port-blair
porur,porur
powai,powai
pratapgarh,pratapgarh
proddatur,proddatur
pudukkottai,pudukkottai
puduppatti,puduppatti
pudur,pudur
puduvayal,puduvayal
pujali,pujali
pukhrayan,pukhrayan
pulgaon,pulgaon
pulivendla,pulivendla
puliyangudi,puliyangudi
puliyur,puliyur
pullambadi,pullambadi
pulwama,pulwama
punahana,punahana
punalur,punalur
punasa,punasa
punch,punch
pundri,pundri
pune,pune
punganuru,punganuru
punjai,punjai-puliyampatti
pupri,pupri
puranpur,puranpur
puri,puri
purna,purna
purnia,purnia
puruliya,puruliya
purushottampur,purushottampur
purwa,purwa
pusad,pusad
pushkar,pushkar
puttaparthi,puttaparthi
puttur,puttur
qadian,qadian
qasba,qasba
qazigund,qazigund
quepem,quepem
queula,queula
quilon,quilon
quthbullapur,quthbullapur
rabkavi,rabkavi
rabupura,rabupura
radaur,radaur
radhakund,radha-kund
radhanpur,radhanpur
raebareli,rae-bareli
rafiganj,rafiganj
raghogarh,raghogarh
raghudebbati,raghudebbati
raghunathpur,raghunathpur
raha,raha
rahatgarh,rahatgarh
rahimatpur,rahimatpur
rahon,rahon
rahuri,rahuri
raia,raia
raichur,raichur
raiganj,raiganj
raigarh,raigarh
raigarh-fort,raigarh-fort
raikot,raikot
raisen,raisen
raisinghnagar,raisinghnagar
raiwala,raiwala
rajnandgaon,raj-nandgaon
rajasansi,raja-sansi
rajahmundry,rajahmundry
rajakhera,rajakhera
rajaldesar,rajaldesar
rajampet,rajampet
rajapalaiyam,rajapalaiyam
rajapur,rajapur
rajauri,rajauri
rajgarh,rajgarh
rajgir,rajgir
rajgurunagar,rajgurunagar
rajkot,rajkot
rajmahal,rajmahal
rajnagar,rajnagar
rajpipla,rajpipla
rajpur,rajpur
rajpura,rajpura
rajsamand,rajsamand
rajula,rajula
rajur,rajur
rajura,rajura
ramdas,ram-das
ramachandrapuram,ramachandrapuram
ramanagaram,ramanagaram
ramanathapuram,ramanathapuram
ramanayyapeta,ramanayyapeta
ramanuj-ganj,ramanuj-ganj
ramapuram,ramapuram
ramban,ramban
rambha,rambha
ramchandrapur,ramchandrapur
rameswaram,rameswaram
ramganj mandi,ramganj-mandi
ramgarh,ramgarh
ramjibanpur,ramjibanpur
ramkola,ramkola
ramnagar,ramnagar
rampur,rampur
rampur hat,rampur-hat
rampura,rampura
ramtek,ramtek
ranaghat,ranaghat
ranapur,ranapur
ranavav,ranavav
ranchi,ranchi
rangapara,rangapara
rangia,rangia
rangpo,rangpo
rani,rani
rania,rania
ranibennur,ranibennur
raniganj,raniganj
ranikhet,ranikhet
ranipur,ranipur
ranir bazar,ranir-bazar
rapar,rapar
rasipuram,rasipuram
rasra,rasra
rasulabad,rasulabad
ratangarh,ratangarh
ratanpur,ratanpur
rath,rath
ratia,ratia
ratlam,ratlam
ratnagiri,ratnagiri
raver,raver
rawatbhata,rawatbhata
rawatsar,rawatsar
raxaul,raxaul
ray,ray
raya,raya
rayachoti,rayachoti
rayadrug,rayadrug
raybag,raybag
raypur,raypur
razam,razam
razole,razole
rehli,rehli
rehti,rehti
remuna,remuna
rengali,rengali
renigunta,renigunta
renukut,renukut
reoti,reoti
repalle,repalle
revadanda,revadanda
revelganj,revelganj
rewa,rewa
rewari,rewari
riasi,riasi
richha,richha
ringas,ringas
rishikesh,rishikesh
rishra,rishra
risod,risod
robertsganj,robertsganj
robertsonpet,robertsonpet
roha,roha
rohru,rohru
rohtak,rohtak
ron,ron
roorkee,roorkee
rourkela,rourkela-privat
rudarpur,rudarpur
rudraprayag,rudraprayag
rupnagar,rupnagar
rura,rura
rusera,rusera
sabalgarh,sabalgarh
sabathu,sabathu
sabrum,sabrum
sachin,sachin
sadabad,sadabad
sadalgi,sadalgi
sadaseopet,sadaseopet
sadat,sadat
sadri,sadri
safidon,safidon
safipur,safipur
sagar,sagar
sagauli,sagauli
sahapur,sahapur
saharanpur,saharanpur
saharsa,saharsa
sahaspur,sahaspur
sahaswan,sahaswan
sahawar,sahawar
sahibganj,sahibganj
saiha,saiha
sailana,sailana
sailu,sailu
saint thomas mount,saint-thomas-mount
sainthia,sainthia
sairang,sairang
saitlaw,saitlaw
sakit,sakit
sakleshpur,sakleshpur
sakti,sakti
saligao,saligao
salon,salon
salumbar,salumbar
salur,salur
samalkha,samalkha
samalkot,samalkot
samastipur,samastipur
samba,samba
sambalpur,sambalpur
sambhal,sambhal
sambhar,sambhar
samdari,samdari
samrala,samrala
samthar,samthar
sanand,sanand
sanaur,sanaur
sanawad,sanawad
sanchi,sanchi
sanchor,sanchor
sancoale,sancoale
sandi,sandi
sandila,sandila
sandur,sandur
sangamner,sangamner
sangareddi,sangareddi
sangaria,sangaria
sangli,sangli
sangod,sangod
sangola,sangola
sangrur,sangrur
sanguem,sanguem
sanivarsante,sanivarsante
sankarpur,sankarpur
sankeshwar,sankeshwar
sankheda,sankheda
sankrail,sankrail
sanquelim,sanquelim
santokhgarh,santokhgarh
santoshpur,santoshpur
sanvordem,sanvordem
sanwer,sanwer
saoner,saoner
sapatgram,sapatgram
sarahan,sarahan
saraiakil,sarai-akil
saraiekdil,sarai-ekdil
saraimir,sarai-mir
saraikela,saraikela
saraipali,saraipali
sarangarh,sarangarh
sarangpur,sarangpur
sarauli,sarauli
sardarshahr,sardarshahr
sardhana,sardhana
sardulgarh,sardulgarh
sargur,sargur
sarila,sarila
sarkaghat,sarka-ghat
sarkhej,sarkhej
sarubera,sarubera
sarupathar,sarupathar
sarwar,sarwar
sasni,sasni
sasvad,sasvad
satana,satana
satara,satara
sathupalli,sathupalli
satna,satna
satrikh,satrikh
sattankulam,sattankulam
sattenapalle,sattenapalle
sattur,sattur
satwas,satwas
satyamangalam,satyamangalam
saundatti,saundatti
saurikh,saurikh
sausar,sausar
savantvadi,savantvadi
savanur,savanur
savda,savda
sawaimadhopur,sawai-madhopur
sayalkudi,sayalkudi
sayla,sayla
sehore,sehore
sendhwa,sendhwa
seohara,seohara
seondha,seondha
seoni,seoni
seonimalwa,seoni-malwa
seorinarayan,seorinarayan
seram,seram
serchhip,serchhip
serilingampalle,serilingampalle
serpur,serpur
serula,serula
shahabad,shahabad
shahada,shahada
shahapur,shahapur
shahdol,shahdol
shahganj,shahganj
shahgarh,shahgarh
shahi,shahi
shahjahanpur,shahjahanpur
shahkot,shahkot
shahpur,shahpur
shahpura,shahpura
shaikhpura,shaikhpura
shajapur,shajapur
sham-churasi,sham-churasi
shamgarh,shamgarh
shamli,shamli
shamsabad,shamsabad
shankargarh,shankargarh
shantipur,shantipur
shegaon,shegaon
sheoganj,sheoganj
sheohar,sheohar
sheopur,sheopur
shergarh,shergarh
sherghati,sherghati
sherkot,sherkot
shertallai,shertallai
shiggaon,shiggaon
shikarpur,shikarpur
shikohabad,shikohabad
shiliguri,shiliguri
shillong,shillong
shimla,shimla
shimoga,shimoga
shirdi,shirdi
shirgaon,shirgaon
shirhatti,shirhatti
shirpur,shirpur
shirwal,shirwal
shishgarh,shishgarh
shivajinagar,shivaji-nagar
shivpuri,shivpuri
shivrajpur,shivrajpur
sholapur,sholapur
sholinghur,sholinghur
shoranur,shoranur
shorapur,shorapur
shravanabelagola,shravanabelagola
shrigonda,shrigonda
shrirampur,shrirampur
shrirangapattana,shrirangapattana
shujalpur,shujalpur
shupiyan,shupiyan
sibsagar,sibsagar
siddapur,siddapur
siddhapur,siddhapur
siddipet,siddipet
sidhauli,sidhauli
sidhi,sidhi
sidhpura,sidhpura
sidlaghatta,sidlaghatta
sihor,sihor
sihora,sihora
sijua,sijua
sikandarabad,sikandarabad
sikandarpur,sikandarpur
sikandra,sikandra
sikandra-rao,sikandra-rao
sikar,sikar
sikka,sikka
silapathar,silapathar
silchar,silchar
siliguri,siliguri
sillod,sillod
silvassa,silvassa
simaria,simaria
simdega,simdega
simga,simga
sindgi,sindgi
sindhnur,sindhnur
singanallur,singanallur
singapperumalkovil,singapperumalkovil
singarayakonda,singarayakonda
singoli,singoli
singrauli,singrauli
singtam,singtam
singur,singur
sini,sini
sinnar,sinnar
sinor,sinor
sira,sira
sirathu,sirathu
sirhind,sirhind
sirkazhi,sirkazhi
sirmaur,sirmaur
sirohi,sirohi
sironj,sironj
sirpur,sirpur
sirsa,sirsa
sirsaganj,sirsaganj
sirsi,sirsi
sirsilla,sirsilla
siruguppa,siruguppa
sirumugai,sirumugai
sirur,sirur
sisauli,sisauli
siswa-bazar,siswa-bazar
sitamarhi,sitamarhi
sitamau,sitamau
sitapur,sitapur
sitarganj,sitarganj
siuri,siuri
sivaganga,sivaganga
sivagiri,sivagiri
sivakasi,sivakasi
siwan,siwan
siwana,siwana
soalkuchi,soalkuchi
sodpur,sodpur
sohagi,sohagi
sohagpur,sohagpur
sohna,sohna
sojat,sojat
sojitra,sojitra
solan,solan
solap,solap
solapur,solapur
solim,solim
someshwar,someshwar
sompeta,sompeta
somvarpet,somvarpet
sonamukhi,sonamukhi
sonamura,sonamura
sonari,sonari
sonepur,sonepur
songadh,songadh
sonipat,sonipat
sopur,sopur
sorab,sorab
sorada,sorada
sorbhog,sorbhog
soron,soron
soygaon,soygaon
soyibug,soyibug
sridungargarh,sri-dungargarh
srikaranpur,sri-karanpur
srimadhopur,sri-madhopur
srikakulam,srikakulam
srimushnam,srimushnam
srinagar,srinagar
srinagar civmi,srinagar-civ-mi
sringeri,sringeri
srinivaspur,srinivaspur
sriperumbudur,sriperumbudur
sriramnagar,sriramnagar
srirampur,srirampur
srisailam,srisailam
srivaikuntam,srivaikuntam
srivardhan,srivardhan
srivilliputtur,srivilliputtur
suchindram,suchindram
suket,suket
sultanpur,sultanpur
sulur,sulur
suluru,suluru
sulya,sulya
sumbal,sumbal
sunam,sunam
sundargarh,sundargarh
sundarnagar,sundarnagar
sunel,sunel
suntikoppa,suntikoppa
supaul,supaul
surajgarh,surajgarh
surandai,surandai
surat,surat
suratgarh,suratgarh
surendranagar,surendranagar
surgana,surgana
surianwan,surianwan
suriapet,suriapet
susner,susner
swamimalai,swamimalai
tadepalle,tadepalle
tadepallegudem,tadepallegudem
tadpatri,tadpatri
tajpur,tajpur
takhatgarh,takhatgarh
takhatpur,takhatpur
taki,taki
talaja,talaja
talbahat,talbahat
talcher,talcher
talegaon-dabhade,talegaon-dabhade
taleigao,taleigao
talen,talen
talgram,talgram
talikota,talikota
taliparamba,taliparamba
taloda,taloda
talwandi-bhai,talwandi-bhai
talwara,talwara
tamluk,tamluk
tanakpur,tanakpur
tandur,tandur
tankara,tankara
tanuku,tanuku
taoru,taoru
tarabha,tarabha
tarakeswar,tarakeswar
taramangalam,taramangalam
taranagar,taranagar
tarangambadi,tarangambadi
tarapur,tarapur
tarikere,tarikere
tarn-taran,tarn-taran
tasgaon,tasgaon
tattayyangarpettai,tattayyangarpettai
tawang,tawang
technopark,technopark
teghra,teghra
tehri,tehri
tekanpur,tekanpur
tekari,tekari
tekkalakote,tekkalakote
tekkali,tekkali
telhara,telhara
tellicherry,tellicherry
tendukheda,tendukheda
teni,teni
tenkasi,tenkasi
teonthar,teonthar
terdal,terdal
tezpur,tezpur
tezu,tezu
thakurdwara,thakurdwara
thakurganj,thakurganj
than,than
thana-bhawan,thana-bhawan
thandla,thandla
thane,thane
thanesar,thanesar
thang,thang
thanjavur,thanjavur
thannamandi,thanna-mandi
tharad,tharad
thasra,thasra
thenzawl,thenzawl
theog,theog
thiruvaiyaru,thiruvaiyaru
thiruvananthapuram,thiruvananthapuram
thiruvarur,thiruvarur
thoubal,thoubal
tijara,tijara
tikaitnagar,tikaitnagar
tikamgarh,tikamgarh
tikri,tikri
tilhar,tilhar
tindivanam,tindivanam
tindwari,tindwari
tinnanur,tinnanur
tinsukia,tinsukia
tiptur,tiptur
sujanpur,tira-sujanpur
tirodi,tirodi
tirthahalli,tirthahalli
tiruchchendur,tiruchchendur
tiruchchirapalli,tiruchchirapalli
tiruchchirappalli,tiruchchirappalli
tiruchengodu,tiruchengodu
tirukkattuppalli,tirukkattuppalli
tirukkoyilur,tirukkoyilur
tirumakudal,tirumakudal-narsipur
tirumala,tirumala
tirumullaivasal,tirumullaivasal
tirunelveli,tirunelveli
tirupati,tirupati
tirupparangunram,tirupparangunram
tiruppur,tiruppur
tiruppuvanam,tiruppuvanam
tirur,tirur
tiruttangal,tiruttangal
tiruttani,tiruttani
tiruvalla,tiruvalla
tiruvallur,tiruvallur
tiruvannamalai,tiruvannamalai
tiruvettipuram,tiruvettipuram
tiruvidaimarudur,tiruvidaimarudur
tisaiyanvilai,tisaiyanvilai
titabar,titabar
titagarh,titagarh
titlagarh,titlagarh
titron,titron
todabhim,toda-bhim
todaraisingh,toda-raisingh
tohana,tohana
tondi,tondi
tonk,tonk
topchanchi,topchanchi
tori fatehpur,tori-fatehpur
tosham,tosham
tral,tral
trichur,trichur
trimbak,trimbak
tsrar-sharif,tsrar-sharif
tuensang,tuensang
tufanganj,tufanganj
tuljapur,tuljapur
tulsipur,tulsipur
tumkur,tumkur
tumsar,tumsar
tundla,tundla
tuni,tuni
turaiyur,turaiyur
turuvekere,turuvekere
uchana,uchana
udagamandalam,udagamandalam
udaigiri,udaigiri
udaipur,udaipur
udaipur-dabok,udaipur-dabok
udaipura,udaipura
udalguri,udalguri
udankudi,udankudi
udgir,udgir
udhampur,udhampur
udipi,udipi
udpura,udpura
udumalaippettai,udumalaippettai
ugu,ugu
ujhani,ujhani
ujjain,ujjain
uklana,uklana
ukwa,ukwa
ulhasnagar,ulhasnagar
ullal,ullal
umarga,umarga
umaria,umaria
umarkhed,umarkhed
umarkot,umarkot
umrala,umrala
umred,umred
umreth,umreth
umri,umri
un,un
unhel,unhel
uniara,uniara
unjha,unjha
unnao,unnao
upleta,upleta
uppal-kalan,uppal-kalan
uppiliyapuram,uppiliyapuram
uran,uran
uravakonda,uravakonda
usehat,usehat
usilampatti,usilampatti
utran,utran
utraula,utraula
uttamapalaiyam,uttamapalaiyam
uttarkashi,uttarkashi
uttiramerur,uttiramerur
uttukkuli,uttukkuli
vadakku,vadakku-valliyur
vadamadurai,vadamadurai
vadippatti,vadippatti
vadlamuru,vadlamuru
vadlapudi,vadlapudi
vadnagar,vadnagar
vadodara,vadodara
vagator,vagator
vaghodia,vaghodia
vaijapur,vaijapur
vaikam,vaikam
valabhipur,valabhipur
valangiman,valangiman
valapattanam,valapattanam
valavanur,valavanur
vidyanagar,vallabh-vidyanagar
vallam,vallam
valparai,valparai
valpoy,valpoy
valsad,valsad
vandalur,vandalur
vandavasi,vandavasi
vaniyambadi,vaniyambadi
vansada,vansada
vapi,vapi
varanasi,varanasi-babatpur
varangaon,varangaon
